{
  "naive": {
    "faithfulness": 0.72,
    "answer_relevancy": 0.72,
    "context_precision": 0.43000000000000005,
    "context_recall": 0.5599999999999999
  },
  "hybrid": {
    "faithfulness": 0.96,
    "answer_relevancy": 0.4800000000000001,
    "context_precision": 0.21000000000000002,
    "context_recall": 0.36
  },
  "rerank": {
    "faithfulness": 0.8,
    "answer_relevancy": 0.9199999999999999,
    "context_precision": 0.64,
    "context_recall": 0.9199999999999999
  }
}